1000000001222222.buzz,6/5/2023
10001-ets.sbs,4/14/2024
1carrierservices-support.sbs,9/6/2022
1services-customcare.sbs,8/26/2022
43892int-rac.sbs,4/28/2022
46894int-rac.sbs,5/10/2022
acc-cmb.sbs,12/10/2022
accountalerts.sbs,6/7/2023
accountalterts.sbs,6/7/2023
account-user.icu,5/24/2023
accxxxx-imidiat.cfd,11/2/2022
agenrev-ont.cfd,5/19/2023
amz-subscription-ref.buzz,12/18/2022
amz-subscription-ref.cfd,12/19/2022
amz-subscription-ref.icu,12/20/2022
amz-subscription-ref.sbs,12/19/2022
ap.hold968438.cfd,1/11/2023
app.bnc.cabvi.cfd,3/1/2024
applepay.r-e-f660272.cfd,3/2/2023
auspostpayment.icu,3/5/2023
awcp-onlineca.icu,12/14/2023
bell.canadaquickfreas.sbs,6/26/2023
bellteam.sbs,3/27/2022
ben-dep-claim.cfd,5/24/2023
blelly.bond,1/20/2022
bmo.msg11.icu,6/10/2022
ca-cerb.cyou,10/7/2022
cad.cr-cadpay.icu,12/22/2022
cadforlifers.cyou,12/22/2022
cad-supprt-plan.sbs,4/3/2023
ca-fundingplan.cfd,7/25/2023
ca-giga-portal.cfd,2/21/2024
ca-help.sbs,7/28/2023
calexp.sbs,4/2/2023
canadacentrebell.sbs,7/12/2023
canadacleintportals.sbs,8/4/2023
canada-gouv-revenue-agency-tax.buzz,8/14/2022
canadapost-delivery.buzz,2/15/2024
canadapostinfo-secure.cfd,1/23/2024
canadaquickfreas.sbs,6/26/2023
canada-recharge.icu,1/18/2023
canadaurgentnotlce.sbs,4/2/2023
canadmissionportonline.cfd,3/3/2024
ca-rev-funding.cfd,7/31/2023
ca-supportscenter.cfd,12/9/2022
ca-supprt-agen.cfd,1/14/2024
cb-go.cfd,5/5/2022
cb-go.icu,5/5/2022
centrecanadapreaf.sbs,7/19/2023
centrecanadarefts.sbs,7/24/2023
centrescanadanext.sbs,7/25/2023
cibc.msg1.icu,6/10/2022
cibc.msg11.icu,6/9/2022
cibc-operation.icu,2/27/2024
cibcstatements.buzz,2/12/2023
cibc-verfy.icu,4/15/2024
claim-e-trans.cfd,5/7/2023
claim-etranscra.cfd,5/15/2023
claim-e-transcra.cfd,5/15/2023
claim-e-transcra.sbs,5/13/2023
clientwatch-alertsintrc.cfd,1/18/2024
commservicesaus-ref.cyou,5/10/2022
connexion-nbc.cfd,2/4/2024
cra.icu,11/28/2022
crasupprt.icu,11/26/2022
cr-cadpay.icu,12/22/2022
ctcmobilecenter.icu,8/3/2023
customerserv-1maintenance.sbs,8/30/2022
depsiteintransfer.icu,3/5/2024
depssitntrac.icu,2/27/2024
direct-deposit.sbs,4/5/2024
directing-interacts.sbs,4/4/2024
earnpnts-rbate.sbs,4/24/2022
earnspnts-rbate.sbs,4/24/2022
eat-interacc.icu,3/13/2024
ecra-intrac-servic.sbs,4/4/2024
eintracemtransferr.icu,3/5/2024
elansferlntrac.icu,2/25/2024
elanstferdepsit.icu,3/3/2024
eltdpsiutlntrac.icu,3/8/2024
emlnteracdpsit.icu,2/27/2024
emt532gov.cfd,5/5/2022
emtetransfer.icu,4/1/2024
emtintracts.icu,4/7/2024
emtllntransfer.icu,4/5/2024
emtlntrassfer.icu,3/3/2024
emts-lnterac.icu,4/10/2024
en-lnt-accept.cfd,7/11/2023
en-lnter-notification.cfd,7/9/2023
en-lnt-receive.cfd,6/30/2023
entlntrac.icu,3/3/2024
e-ont-trans.cfd,5/16/2023
et-canadacenter.icu,1/10/2024
et-centers.icu,2/20/2024
et-depo-canada-fn34d.bond,6/20/2022
et-dep-team.icu,12/1/2022
et-giga-funds.cfd,8/26/2023
et-interac.buzz,1/18/2024
etinterac.icu,12/9/2023
et-interacte.cyou,12/17/2023
et-intrac46894.sbs,10/21/2022
et-intterractes.icu,3/1/2024
etmobilewire.icu,2/26/2022
et-nterac-f3dv7cbg.sbs,10/21/2022
etran.cr-cadpay.icu,12/22/2022
e-transfer.cyou,1/18/2023
e-transfer.icu,12/28/2022
etransfer.icu,12/9/2022
etransfer-10001.sbs,4/11/2024
etransfer-1001.sbs,4/15/2024
etransfer-got.buzz,9/6/2023
etransfer-interac.icu,12/30/2022
etransfer-interac.sbs,4/4/2024
e-transfr-pay.cfd,5/6/2023
etrecovgrants.icu,11/11/2022
et-secure-giga.cfd,2/18/2024
et-transfer-mobi-dep.buzz,2/15/2024
et-transfer-recharge.icu,2/23/2022
et-transfetwireless-money.icu,2/25/2022
fhc-svcportalhme.cyou,5/23/2023
fidomobile-ca.icu,12/2/2022
fjransferemt.icu,3/3/2024
funds-deposit.icu,5/28/2022
got-100.buzz,8/25/2023
gou-bc-help.sbs,5/21/2023
gou-on-claim.sbs,5/20/2023
gou-tx-creds.sbs,5/22/2023
gov37917.buzz,11/17/2022
govhstrevisionportals.icu,2/5/2024
gst-cadreturn.icu,1/16/2024
help-caservonline.sbs,4/17/2023
help-caservtrans.cfd,4/16/2023
help-servcratrans.cfd,5/5/2023
help-servcratrans.sbs,4/30/2023
help-transac-serv.sbs,5/16/2023
help-transcraserv.sbs,5/4/2023
hs.refer748493.cfd,3/1/2023
httpsservice.bond,3/11/2023
hydroqc.icu,4/1/2023
imsterac.icu,3/24/2024
imteracemt.icu,3/31/2024
imtracs.icu,3/24/2024
inferaccdepsit.icu,3/6/2024
inferacdepst.icu,3/6/2024
infotelus-mobile.icu,2/22/2022
inktreac.icu,4/1/2024
inquiry-cibc.icu,2/27/2024
inter.cr-cadpay.icu,12/22/2022
interac.buzz,3/17/2023
interac.calexp.sbs,4/2/2023
interac.cyou,3/14/2023
interac.icu,11/16/2022
interac.msg1.icu,6/11/2022
interac.msg11.icu,6/11/2022
interacbenefit.buzz,1/8/2023
interac-etransfnotificationssxhgsjj7673.accountalerts.sbs,6/23/2023
interact-et.icu,9/24/2023
interacts-direct.sbs,3/31/2024
interact-top.buzz,5/4/2023
inter-gigapay.cfd,8/23/2023
intntsvcportonline.icu,6/7/2023
int-rac43892.sbs,4/29/2022
int-rac46892.sbs,5/7/2022
int-rac46894.sbs,5/10/2022
jetzt-bestatigen.cfd,7/1/2023
jjjpmrrgneesaeenotifications.chaes.sbs,6/18/2023
jpmorgan.chaes.sbs,6/9/2023
jpmorgchasenotifications6677e8sjjh.chaes.sbs,6/23/2023
legroupevideotron-remboursement.buzz,2/15/2024
linkntrc.cfd,10/13/2022
lllntracc-ent-depslt.icu,3/20/2024
llnteraccc.icu,3/8/2024
lmntracs.icu,3/22/2024
lmtrac-depslt-emt.icu,3/21/2024
lmtreacss.icu,4/10/2024
lnnteracc-emmt-deposiit.icu,3/19/2024
lnnteracelt.icu,3/8/2024
lntearec.icu,3/2/2024
lnterac-childsbenefits.icu,7/12/2023
lnteracdeposlt.icu,4/14/2024
lnterac-service.icu,7/10/2023
lnterrac-emt-deposit.icu,3/18/2024
lnt-notify.cfd,7/12/2023
lntraacdeposlt.icu,4/16/2024
lntreacs.icu,4/11/2024
metamask.rf82728.cfd,1/20/2023
mobile-scotiaauthicity-alert.icu,2/26/2022
mobilityreturn.icu,12/9/2022
more.cr-cadpay.icu,12/22/2022
nab.hold968438.cfd,1/11/2023
nbg.r-e-f66272.cfd,3/20/2023
online52.sbs,2/11/2023
pendingcadreturn1.cfd,6/25/2023
pendingcadreturn2.cfd,6/25/2023
pendingcadreturn3.cfd,6/25/2023
pendingcadreturn4.cfd,6/25/2023
pendingcadreturn5.cfd,6/25/2023
portfolio-summary-reports.sbs,12/16/2023
postcan-rescdlv.buzz,2/14/2023
rbc-app-care.cfd,11/16/2022
rbc-app-center.cfd,11/16/2022
rbc-app-help.cfd,11/16/2022
rbc-app-online.cfd,11/16/2022
rbc-app-rebate.cfd,11/16/2022
rbc-app-refund.cfd,11/16/2022
rbc-app-support.cfd,11/16/2022
rbc-app-team.cfd,11/16/2022
rbccanada.cfd,3/15/2024
rbc-cancellation-portal.cfd,11/13/2022
rbc-cancellation-transac.cfd,11/13/2022
rbc-cancellation-web.cfd,11/13/2022
rbc-care.cfd,11/13/2022
rbc-center-care.cfd,11/16/2022
rbc-center-help.cfd,11/16/2022
rbc-center-online.cfd,11/16/2022
rbc-center-rebate.cfd,11/16/2022
rbc-center-refund.cfd,11/16/2022
rbc-center-support.cfd,11/16/2022
rbc-center-team.cfd,11/16/2022
rbc-help.cfd,11/13/2022
rbcportal-cancellation.cfd,11/13/2022
rbc-portal-care.cfd,11/16/2022
rbc-portal-help.cfd,11/16/2022
rbc-portal-online.cfd,11/16/2022
rbc-portal-rebate.cfd,11/16/2022
rbc-portal-refund.cfd,11/16/2022
rbcportal-support.cfd,11/13/2022
rbc-portal-support.cfd,11/16/2022
rbc-portal-team.cfd,11/16/2022
rbcportal-verification.cfd,11/13/2022
rbcroyalbank.icu,8/25/2022
rbc-support.cfd,11/13/2022
rbc-support-app.cfd,11/16/2022
rbc-support-online.cfd,11/16/2022
rbc-support-team.cfd,11/16/2022
rbctransac-cancellation.cfd,11/13/2022
rbc-transac-cancellation.cfd,11/13/2022
rbc-transact.cfd,11/13/2022
rbc-transact-care.cfd,11/13/2022
rbc-transact-center.cfd,11/13/2022
rbc-transact-help.cfd,11/13/2022
rbc-transact-support.cfd,11/13/2022
rbc-transac-verification.cfd,11/13/2022
rbc-verif.cfd,11/13/2022
rbc-verification.cfd,11/13/2022
rbc-verification-transac.cfd,11/13/2022
rbc-verification-web.cfd,11/13/2022
rbc-web1-verification.cfd,11/13/2022
rbc-web-cancellation.cfd,11/13/2022
rbc-web-verification.cfd,11/13/2022
rbc-web-verification1.cfd,11/13/2022
rebate-earnpoints.sbs,4/23/2022
re-claim-rev.cfd,5/15/2023
refund.interac.icu,11/15/2022
retry-payment-netfllx.buzz,2/5/2024
revenuquebec.cfd,5/15/2022
rogerscommunications-secure.icu,9/6/2023
safety-first-deposit.cfd,6/28/2023
santander.particulares-login.icu,2/27/2023
satsupspin.icu,4/8/2024
schedule.cadpost-support.sbs,2/28/2023
schedule.cadpst.buzz,2/28/2023
schedule.capost-support.buzz,2/28/2023
schedule.capost-support.sbs,2/28/2023
schedule.postecad-support.buzz,2/28/2023
schedule.postecad-support.sbs,2/28/2023
sco1authaticavscotia.icu,2/24/2022
scotia.infoalert03.icu,6/13/2022
scotia-app-support.sbs,11/11/2022
scotia-app-transact.sbs,11/11/2022
scotia-app-verif.sbs,11/11/2022
scotia-app-verification.sbs,11/11/2022
scotiaauthentifiascbk1.icu,2/25/2022
scotiabank.auth404.sbs,6/13/2022
scotiabank.infoalert03.icu,6/13/2022
scotia-cancellation-portal.sbs,11/11/2022
scotia-cancellation-transac.sbs,11/11/2022
scotia-care.sbs,11/11/2022
scotia-help.sbs,11/11/2022
scotiaportal-cancellation.sbs,11/11/2022
scotiaportal-support.sbs,11/11/2022
scotiaportal-verification.sbs,11/11/2022
scotia-secured.icu,3/7/2024
scotia-security.icu,3/7/2024
scotia-support.cyou,1/18/2023
scotiatransac-cancellation.sbs,11/11/2022
scotia-transac-cancellation.sbs,11/11/2022
scotia-transact-care.sbs,11/11/2022
scotia-transact-center.sbs,11/11/2022
scotia-transact-help.sbs,11/11/2022
scotia-transact-support.sbs,11/11/2022
scotia-transac-verification.sbs,11/11/2022
scotia-verif.sbs,11/11/2022
scotia-verification-transac.sbs,11/11/2022
secure.rogerscommunications-secure.icu,9/6/2023
secure-etrans-pay.cfd,1/23/2024
secure-portal-cost-co.cfd,12/24/2023
service.ab-gov.icu,2/23/2024
servicecan.et-centers.icu,2/20/2024
solution-alberta.sbs,2/2/2023
spotifypaymentgateway.cfd,1/16/2024
standardbank.hold968438.cfd,1/12/2023
sup-caservonline.sbs,4/17/2023
sup-interaonline.sbs,5/17/2023
sup-paycad.sbs,4/7/2023
support.cr-cadpay.icu,12/22/2022
support.postecad-support.sbs,2/28/2023
td.msg1.icu,6/9/2022
td.msg11.icu,6/9/2022
telreturncarrier.bond,2/4/2022
thankzx.sbs,12/14/2021
trans-claims-ont.sbs,5/14/2023
transhelp-ont.cfd,5/5/2023
uptoinf.bond,4/25/2023
userwebtls-ca.icu,7/15/2023
verificatinauthscotia.icu,2/24/2022
verificationupdatemobile.icu,2/23/2022
verify-intrac.icu,3/13/2024
volksbank.anmelden.icu,1/16/2024
west.088753.icu,2/27/2024
wirelesscare-customrs.sbs,8/24/2022
www.amzn-ref-subscription.icu,12/25/2022
www.amz-services-info.cfd,3/21/2023
www.amz-services-info.sbs,3/27/2023
www.bawag.at.psk-web.cfd,1/26/2023
www.canada-recharge.icu,1/19/2023
www.mobile-supprt-assist.cfd,12/29/2022
www.mobile-supprt-assist.sbs,12/29/2022
www.mobility-refnd-support.cfd,1/3/2023
www.mobility-refnd-support.icu,1/4/2023
www.mobility-refnd-support.sbs,1/4/2023
www.mymobility-help.cfd,1/8/2023
www.mymobility-help.sbs,1/8/2023
www.mytelushelp-mobility.cfd,1/9/2023
www.mytelushelp-mobility.sbs,1/10/2023
www.mytelus-mobilityrefnd1.icu,1/5/2023
www.my-telus-refnd.cfd,12/29/2022
www.overview-bell.icu,7/4/2023
www.prime-member-supp0rt.icu,2/3/2023
www.rbcroyalbank.icu,8/25/2022
www.support-mobile-assist.cfd,12/29/2022
www.support-mobile-assist.sbs,12/29/2022
